<?xml version="1.0" encoding="UTF-8"?>
<project-private xmlns="http://www.netbeans.org/ns/project-private/1">
    <editor-bookmarks xmlns="http://www.netbeans.org/ns/editor-bookmarks/2" lastBookmarkId="0"/>
    <open-files xmlns="http://www.netbeans.org/ns/projectui-open-files/2">
        <group>
            <file>file:/C:/Users/joy11/Desktop/Ultima%20semana/RUBY_P4/QytetetRuby/lib/calle.rb</file>
            <file>file:/C:/Users/joy11/Desktop/Ultima%20semana/RUBY_P4/QytetetRuby/lib/qytetet.rb</file>
            <file>file:/C:/Users/joy11/Desktop/Ultima%20semana/RUBY_P4/QytetetRuby/lib/casilla.rb</file>
            <file>file:/C:/Users/joy11/Desktop/Ultima%20semana/RUBY_P4/QytetetRuby/lib/jugador.rb</file>
            <file>file:/C:/Users/joy11/Desktop/Ultima%20semana/RUBY_P4/QytetetRuby/lib/tablero.rb</file>
            <file>file:/C:/Users/joy11/Desktop/Ultima%20semana/RUBY_P4/QytetetRuby/lib/metodo_salir_carcel.rb</file>
            <file>file:/C:/Users/joy11/Desktop/Ultima%20semana/RUBY_P4/QytetetRuby/lib/especulador.rb</file>
            <file>file:/C:/Users/joy11/Desktop/Ultima%20semana/RUBY_P4/QytetetRuby/lib/controlador_qytetet.rb</file>
        </group>
    </open-files>
</project-private>
