<?xml version="1.0" encoding="UTF-8"?>
<project-private xmlns="http://www.netbeans.org/ns/project-private/1">
    <editor-bookmarks xmlns="http://www.netbeans.org/ns/editor-bookmarks/2" lastBookmarkId="0"/>
    <open-files xmlns="http://www.netbeans.org/ns/projectui-open-files/2">
        <group>
            <file>file:/C:/Users/joy11/Desktop/Practica%20final%20java/QytetetJava/src/modeloqytetet/Qytetet.java</file>
            <file>file:/C:/Users/joy11/Desktop/Practica%20final%20java/QytetetJava/src/GUIQytetet/ControladorQytetet.java</file>
            <file>file:/C:/Users/joy11/Desktop/Practica%20final%20java/QytetetJava/src/modeloqytetet/Tablero.java</file>
            <file>file:/C:/Users/joy11/Desktop/Practica%20final%20java/QytetetJava/src/modeloqytetet/Jugador.java</file>
            <file>file:/C:/Users/joy11/Desktop/Practica%20final%20java/QytetetJava/src/InterfazTextualQytetet/ControladorQytetet.java</file>
            <file>file:/C:/Users/joy11/Desktop/Practica%20final%20java/QytetetJava/src/modeloqytetet/TituloPropiedad.java</file>
            <file>file:/C:/Users/joy11/Desktop/Practica%20final%20java/QytetetJava/src/modeloqytetet/Calle.java</file>
            <file>file:/C:/Users/joy11/Desktop/Practica%20final%20java/QytetetJava/src/modeloqytetet/Casilla.java</file>
            <file>file:/C:/Users/joy11/Desktop/Practica%20final%20java/QytetetJava/src/GUIQytetet/VistaQytetet.java</file>
        </group>
    </open-files>
</project-private>
